"Column Name","Label"
"GEO_ID","Geography"
"NAME","Geographic Area Name"
"B11003_001E","Estimate!!Total:"
"B11003_001M","Margin of Error!!Total:"
"B11003_002E","Estimate!!Total:!!Married-couple family:"
"B11003_002M","Margin of Error!!Total:!!Married-couple family:"
"B11003_003E","Estimate!!Total:!!Married-couple family:!!With own children of the householder under 18 years:"
"B11003_003M","Margin of Error!!Total:!!Married-couple family:!!With own children of the householder under 18 years:"
"B11003_004E","Estimate!!Total:!!Married-couple family:!!With own children of the householder under 18 years:!!Under 6 years only"
"B11003_004M","Margin of Error!!Total:!!Married-couple family:!!With own children of the householder under 18 years:!!Under 6 years only"
"B11003_005E","Estimate!!Total:!!Married-couple family:!!With own children of the householder under 18 years:!!Under 6 years and 6 to 17 years"
"B11003_005M","Margin of Error!!Total:!!Married-couple family:!!With own children of the householder under 18 years:!!Under 6 years and 6 to 17 years"
"B11003_006E","Estimate!!Total:!!Married-couple family:!!With own children of the householder under 18 years:!!6 to 17 years only"
"B11003_006M","Margin of Error!!Total:!!Married-couple family:!!With own children of the householder under 18 years:!!6 to 17 years only"
"B11003_007E","Estimate!!Total:!!Married-couple family:!!No own children of the householder under 18 years"
"B11003_007M","Margin of Error!!Total:!!Married-couple family:!!No own children of the householder under 18 years"
"B11003_008E","Estimate!!Total:!!Other family:"
"B11003_008M","Margin of Error!!Total:!!Other family:"
"B11003_009E","Estimate!!Total:!!Other family:!!Male householder, no spouse present:"
"B11003_009M","Margin of Error!!Total:!!Other family:!!Male householder, no spouse present:"
"B11003_010E","Estimate!!Total:!!Other family:!!Male householder, no spouse present:!!With own children of the householder under 18 years:"
"B11003_010M","Margin of Error!!Total:!!Other family:!!Male householder, no spouse present:!!With own children of the householder under 18 years:"
"B11003_011E","Estimate!!Total:!!Other family:!!Male householder, no spouse present:!!With own children of the householder under 18 years:!!Under 6 years only"
"B11003_011M","Margin of Error!!Total:!!Other family:!!Male householder, no spouse present:!!With own children of the householder under 18 years:!!Under 6 years only"
"B11003_012E","Estimate!!Total:!!Other family:!!Male householder, no spouse present:!!With own children of the householder under 18 years:!!Under 6 years and 6 to 17 years"
"B11003_012M","Margin of Error!!Total:!!Other family:!!Male householder, no spouse present:!!With own children of the householder under 18 years:!!Under 6 years and 6 to 17 years"
"B11003_013E","Estimate!!Total:!!Other family:!!Male householder, no spouse present:!!With own children of the householder under 18 years:!!6 to 17 years only"
"B11003_013M","Margin of Error!!Total:!!Other family:!!Male householder, no spouse present:!!With own children of the householder under 18 years:!!6 to 17 years only"
"B11003_014E","Estimate!!Total:!!Other family:!!Male householder, no spouse present:!!No own children of the householder under 18 years"
"B11003_014M","Margin of Error!!Total:!!Other family:!!Male householder, no spouse present:!!No own children of the householder under 18 years"
"B11003_015E","Estimate!!Total:!!Other family:!!Female householder, no spouse present:"
"B11003_015M","Margin of Error!!Total:!!Other family:!!Female householder, no spouse present:"
"B11003_016E","Estimate!!Total:!!Other family:!!Female householder, no spouse present:!!With own children of the householder under 18 years:"
"B11003_016M","Margin of Error!!Total:!!Other family:!!Female householder, no spouse present:!!With own children of the householder under 18 years:"
"B11003_017E","Estimate!!Total:!!Other family:!!Female householder, no spouse present:!!With own children of the householder under 18 years:!!Under 6 years only"
"B11003_017M","Margin of Error!!Total:!!Other family:!!Female householder, no spouse present:!!With own children of the householder under 18 years:!!Under 6 years only"
"B11003_018E","Estimate!!Total:!!Other family:!!Female householder, no spouse present:!!With own children of the householder under 18 years:!!Under 6 years and 6 to 17 years"
"B11003_018M","Margin of Error!!Total:!!Other family:!!Female householder, no spouse present:!!With own children of the householder under 18 years:!!Under 6 years and 6 to 17 years"
"B11003_019E","Estimate!!Total:!!Other family:!!Female householder, no spouse present:!!With own children of the householder under 18 years:!!6 to 17 years only"
"B11003_019M","Margin of Error!!Total:!!Other family:!!Female householder, no spouse present:!!With own children of the householder under 18 years:!!6 to 17 years only"
"B11003_020E","Estimate!!Total:!!Other family:!!Female householder, no spouse present:!!No own children of the householder under 18 years"
"B11003_020M","Margin of Error!!Total:!!Other family:!!Female householder, no spouse present:!!No own children of the householder under 18 years"
